<?xml version="1.0" encoding="UTF-8"?>
<project-private xmlns="http://www.netbeans.org/ns/project-private/1">
    <editor-bookmarks xmlns="http://www.netbeans.org/ns/editor-bookmarks/2" lastBookmarkId="0"/>
    <open-files xmlns="http://www.netbeans.org/ns/projectui-open-files/2">
        <group>
            <file>file:/Users/raihansyahrin/Desktop/Moocles/src/view/Home.java</file>
            <file>file:/Users/raihansyahrin/Desktop/Moocles/src/view/Addmeal.java</file>
            <file>file:/Users/raihansyahrin/Desktop/Moocles/src/controller/NutritionController.java</file>
            <file>file:/Users/raihansyahrin/Desktop/Moocles/src/controller/WorkoutController.java</file>
            <file>file:/Users/raihansyahrin/Desktop/Moocles/src/view/LoginActivityy.java</file>
            <file>file:/Users/raihansyahrin/Desktop/Moocles/src/view/Profile.java</file>
            <file>file:/Users/raihansyahrin/Desktop/Moocles/src/controller/HomeController.java</file>
        </group>
    </open-files>
</project-private>
